Model,CV Accuracy,Accuracy,Precision,Recall,F1,ROC-AUC
Logistic Regression,0.99875,1.0,1.0,1.0,1.0,1.0
XGBoost,0.98375,0.99,1.0,0.95,0.9743589743589743,0.999921875
Random Forest,0.9862500000000001,0.985,1.0,0.925,0.961038961038961,0.998203125
